<?xml version='1.0' encoding='UTF-8' ?>
<beans xmlns = "http://www.springframework.org/schema/beans"
       xmlns:xsi = "http://www.w3.org/2001/XMLSchema-instance"
       xmlns:p="http://www.springframework.org/schema/p"
       xmlns:context = "http://www.springframework.org/schema/context"
       xmlns:aop = "http://www.springframework.org/schema/aop"
       xmlns:tx = "http://www.springframework.org/schema/tx"
       xmlns:mvc="http://www.springframework.org/schema/mvc"
       xsi:schemaLocation = "http://www.springframework.org/schema/beans
       http://www.springframework.org/schema/beans/spring-beans.xsd
       http://www.springframework.org/schema/context
       http://www.springframework.org/schema/context/spring-context.xsd
       http://www.springframework.org/schema/aop 
       http://www.springframework.org/schema/aop/spring-aop.xsd
       http://www.springframework.org/schema/mvc
       http://www.springframework.org/schema/mvc/spring-mvc.xsd
       http://www.springframework.org/schema/tx
       http://www.springframework.org/schema/tx/spring-tx.xsd">



    <!--<bean class="org.springframework.web.servlet.mvc.support.ControllerClassNameHandlerMapping"/>-->

    <!--
    Most controllers will use the ControllerClassNameHandlerMapping above, but
    for the index controller we are using ParameterizableViewController, so we must
    define an explicit mapping for it.
    -->
    <!--    <bean id="urlMapping" class="org.springframework.web.servlet.handler.SimpleUrlHandlerMapping">
        <property name="mappings">
            <props>
                <prop key="index">indexController</prop>
            </props>
        </property>
    </bean>-->
    
   
    <context:component-scan base-package="com.mizan.spring"/>
    <context:annotation-config/>
    <mvc:annotation-driven />
    <bean class="org.springframework.beans.factory.config.PropertyPlaceholderConfigurer" id="propertyConfigurer" p:location="/WEB-INF/jdbc.properties"/>
    <bean id="messageSource" class="org.springframework.context.support.ReloadableResourceBundleMessageSource">
        <property name="basename" value="/WEB-INF/message" />
    </bean>
    <bean id="dataSource" 
          class="org.springframework.jdbc.datasource.DriverManagerDataSource"
          p:driverClassName="${jdbc.driverClassName}"
          p:url="${jdbc.url}"
          p:username="${jdbc.username}"
          p:password="${jdbc.password}" />
    
    <bean id="sessionFactory" class="org.springframework.orm.hibernate4.LocalSessionFactoryBean">
        <property name="dataSource" ref="dataSource"/>
        <property name="mappingResources">
            <list>
                <value>
                    com/mizan/spring/model/Student.hbm.xml
                </value>
            </list>
            
        </property>
        <property name="hibernateProperties">
            
            <value>
                hibernate.dialect = org.hibernate.dialect.MySQLDialect
                hibernate.show_sql = true
            </value>
        </property>
        <!--        <property name="packagesToScan"> 
             Location of the Entity packages where to scan for Entities 
            <value>com.spring.web.model</value>
        </property>
        <property name="annotatedClasses">
            <list>
                 All the Entity Classes where Hibernate's Annotation will work on 
                <value>com.spring.web.model.Employee</value> 
            </list>
        </property>-->
    </bean>
    <!-- End : +++++++++++++++ Hibernate's sessionFactory Configuration +++++++++++++++++ -->
    
    <!-- ***  Hibernate Transaction Manager Configuration || HibernateTransactionManager ***  -->
    <!--   =============== @Transactional Annotation ==================   -->
    <bean id="transactionManager" class="org.springframework.orm.hibernate4.HibernateTransactionManager">
        <property name="sessionFactory" ref="sessionFactory"/>
    </bean>
 
    <!--   =============== @Transactional Annotation ==================   -->
    <tx:annotation-driven transaction-manager="transactionManager"/>
    
    <bean id="viewResolver"
          class="org.springframework.web.servlet.view.InternalResourceViewResolver"
          p:prefix="/WEB-INF/jsp/"
          p:suffix=".jsp" />

    <!--
    The index controller.
    -->
    <!--    <bean name="indexController"
    class="org.springframework.web.servlet.mvc.ParameterizableViewController"
    p:viewName="index" />-->

</beans>
