<?xml version="1.0"?>
<!DOCTYPE hibernate-mapping PUBLIC "-//Hibernate/Hibernate Mapping DTD 3.0//EN"
"http://www.hibernate.org/dtd/hibernate-mapping-3.0.dtd">
<!-- Generated Dec 24, 2020 3:28:50 AM by Hibernate Tools 4.3.1 -->
<hibernate-mapping>
    <class name="com.mizan.spring.model.Student" table="student" catalog="spring" optimistic-lock="version">
        <id name="id" type="Integer">
            <column name="id" />
            <generator class="assigned" />
        </id>
        <property name="name" type="string">
            <column name="name" length="45" />
        </property>
        <property name="subject" type="string">
            <column name="subject" length="45" />
        </property>
    </class>
</hibernate-mapping>
